consultado_em,rota,origem,destino,data_ida,data_volta,preco,companhia,conexoes
2026-09-30T05:57-03:00,bsb-ssa,BSB,SSA,2026-10-20,2026-10-25,1482,LATAM,0
2026-09-30T05:57-03:00,bsb-ssa,BSB,SSA,2026-10-21,2026-10-26,2005,LATAM,0
2026-09-30T05:57-03:00,bsb-ssa,BSB,SSA,2026-10-22,2026-10-27,1620,LATAM,0
2026-09-30T05:57-03:00,bsb-ssa,BSB,SSA,2026-10-23,2026-10-28,1390,LATAM,0
2026-09-30T05:57-03:00,bsb-ssa,BSB,SSA,2026-10-24,2026-10-29,1390,LATAM,0
2026-09-30T05:57-03:00,bsb-ssa,BSB,SSA,2026-10-25,2026-10-30,1390,LATAM,0
2026-09-30T05:57-03:00,bsb-ssa,BSB,SSA,2026-10-26,2026-10-31,1390,LATAM,0
2026-09-30T05:57-03:00,bsb-ssa,BSB,SSA,2026-10-27,2026-11-01,1647,Gol,0
2026-09-30T05:57-03:00,bsb-ssa,BSB,SSA,2026-10-28,2026-11-02,1586,Gol,0
2026-09-30T05:57-03:00,bsb-ssa,BSB,SSA,2026-10-29,2026-11-03,1413,Gol,0
2026-09-30T05:57-03:00,bsb-ssa,BSB,SSA,2026-10-30,2026-11-04,1560,LATAM,0
2026-09-30T05:57-03:00,bsb-ssa,BSB,SSA,2026-10-31,2026-11-05,1330,LATAM,0
2026-09-30T05:57-03:00,bsb-ssa,BSB,SSA,2026-11-01,2026-11-06,1330,LATAM,0
2026-09-30T05:57-03:00,bsb-ssa,BSB,SSA,2026-11-02,2026-11-07,1330,LATAM,0
2026-09-30T05:57-03:00,bsb-ssa,BSB,SSA,2026-11-03,2026-11-08,1330,LATAM,0
2026-09-30T05:57-03:00,bsb-ssa,BSB,SSA,2026-11-04,2026-11-09,1748,LATAM,0
2026-09-30T05:57-03:00,bsb-ssa,BSB,SSA,2026-11-05,2026-11-10,1330,LATAM,0
2026-09-30T05:57-03:00,bsb-ssa,BSB,SSA,2026-11-06,2026-11-11,1330,LATAM,0
2026-09-30T05:57-03:00,bsb-ssa,BSB,SSA,2026-11-07,2026-11-12,1330,LATAM,0
2026-09-30T05:57-03:00,bsb-ssa,BSB,SSA,2026-11-08,2026-11-13,1330,LATAM,0
2026-09-30T05:57-03:00,bsb-ssa,BSB,SSA,2026-11-09,2026-11-14,1330,LATAM,0
2026-09-30T05:57-03:00,bsb-ssa,BSB,SSA,2026-11-10,2026-11-15,1330,LATAM,0
2026-09-30T05:57-03:00,bsb-ssa,BSB,SSA,2026-11-11,2026-11-16,1484,Gol,0
2026-09-30T05:57-03:00,bsb-ssa,BSB,SSA,2026-11-12,2026-11-17,1330,LATAM,0
2026-09-30T05:57-03:00,bsb-ssa,BSB,SSA,2026-11-13,2026-11-18,1352,Gol,0
2026-09-30T05:57-03:00,bsb-ssa,BSB,SSA,2026-11-14,2026-11-19,1330,LATAM,0
2026-09-30T05:57-03:00,bsb-ssa,BSB,SSA,2026-11-15,2026-11-20,1330,LATAM,0
2026-09-30T05:57-03:00,bsb-ssa,BSB,SSA,2026-11-16,2026-11-21,1484,Gol,0
2026-09-30T05:57-03:00,bsb-ssa,BSB,SSA,2026-11-17,2026-11-22,1330,LATAM,0
2026-09-30T05:57-03:00,bsb-ssa,BSB,SSA,2026-11-18,2026-11-23,1484,Gol,0
2026-09-30T05:57-03:00,bsb-ssa,BSB,SSA,2026-11-19,2026-11-24,1586,Gol,0
2026-09-30T05:57-03:00,bsb-ssa,BSB,SSA,2026-11-20,2026-11-25,1484,Gol,0
2026-09-30T05:57-03:00,bsb-ssa,BSB,SSA,2026-11-21,2026-11-26,1330,LATAM,0
2026-09-30T05:57-03:00,bsb-ssa,BSB,SSA,2026-11-22,2026-11-27,1352,Gol,0
2026-09-30T05:57-03:00,bsb-ssa,BSB,SSA,2026-11-23,2026-11-28,1330,LATAM,0
2026-09-30T05:57-03:00,bsb-ssa,BSB,SSA,2026-11-24,2026-11-29,1310,LATAM,0
2026-09-30T05:57-03:00,bsb-ssa,BSB,SSA,2026-11-25,2026-11-30,1310,LATAM,0
2026-09-30T05:57-03:00,bsb-ssa,BSB,SSA,2026-11-26,2026-12-01,3247,Gol,0
2026-09-30T05:57-03:00,bsb-ssa,BSB,SSA,2026-11-27,2026-12-02,3247,Gol,0
2026-09-30T05:57-03:00,bsb-ssa,BSB,SSA,2026-11-28,2026-12-03,1392,Gol,0
2026-09-30T05:57-03:00,bsb-ssa,BSB,SSA,2026-11-29,2026-12-04,3226,Gol,0
2026-09-30T05:57-03:00,bsb-ssa,BSB,SSA,2026-11-30,2026-12-05,3226,Gol,0
2026-09-30T05:57-03:00,bsb-ssa,BSB,SSA,2026-12-01,2026-12-06,5142,Gol,0
2026-09-30T05:57-03:00,bsb-ssa,BSB,SSA,2026-12-02,2026-12-07,3226,Gol,0
2026-09-30T05:57-03:00,bsb-ssa,BSB,SSA,2026-12-03,2026-12-08,5142,Gol,0
2026-09-30T05:57-03:00,bsb-ssa,BSB,SSA,2026-12-04,2026-12-09,5142,Gol,0
2026-09-30T05:57-03:00,bsb-ssa,BSB,SSA,2026-12-05,2026-12-10,2734,LATAM,0
2026-09-30T05:57-03:00,bsb-ssa,BSB,SSA,2026-12-06,2026-12-11,5142,Gol,0
2026-09-30T05:57-03:00,bsb-ssa,BSB,SSA,2026-12-07,2026-12-12,5142,Gol,0
2026-09-30T05:57-03:00,bsb-ssa,BSB,SSA,2026-12-08,2026-12-13,3379,Gol,0
2026-09-30T05:57-03:00,bsb-ssa,BSB,SSA,2026-12-09,2026-12-14,5142,Gol,0
2026-09-30T05:57-03:00,bsb-ssa,BSB,SSA,2026-12-10,2026-12-15,3226,Gol,0
2026-09-30T05:57-03:00,bsb-ssa,BSB,SSA,2026-12-11,2026-12-16,3226,Gol,0
2026-09-30T05:57-03:00,bsb-ssa,BSB,SSA,2026-12-12,2026-12-17,3226,Gol,0
2026-09-30T05:57-03:00,bsb-ssa,BSB,SSA,2026-12-13,2026-12-18,1463,Gol,0
2026-09-30T05:57-03:00,bsb-ssa,BSB,SSA,2026-12-14,2026-12-19,1565,Gol,0
2026-09-30T05:57-03:00,bsb-ssa,BSB,SSA,2026-12-15,2026-12-20,1370,LATAM,0
